Akt,Erk,Jnk,Mek,P38,PIP2,PIP3,PKA,PKC
0.0,0.0,1.0,0.0,1.0,0.0,1.0,0.0,1.0
0.0,0.0,1.0,0.0,0.0,0.0,0.0,0.0,0.0
0.0,0.0,0.0,1.0,0.0,0.0,0.0,0.0,0.0
0.0,0.0,0.0,1.0,0.0,0.0,0.0,0.0,0.0
1.0,0.0,1.0,0.0,0.0,0.0,0.0,0.0,0.0
0.0,0.0,1.0,0.0,1.0,0.0,0.0,1.0,0.0
0.0,0.0,0.0,1.0,1.0,1.0,0.0,1.0,0.0
1.0,0.0,0.0,0.0,0.0,0.0,0.0,0.0,0.0
0.0,0.0,0.0,1.0,1.0,0.0,1.0,0.0,1.0
1.0,0.0,1.0,0.0,0.0,1.0,1.0,0.0,0.0
0.0,0.0,0.0,0.0,1.0,0.0,0.0,0.0,1.0
0.0,0.0,0.0,0.0,1.0,0.0,0.0,0.0,1.0
0.0,0.0,1.0,1.0,1.0,0.0,0.0,0.0,1.0
0.0,0.0,1.0,0.0,1.0,0.0,0.0,0.0,0.0
0.0,0.0,0.0,0.0,0.0,0.0,1.0,0.0,0.0
0.0,0.0,0.0,0.0,1.0,0.0,0.0,0.0,1.0
0.0,0.0,0.0,0.0,1.0,0.0,0.0,0.0,1.0
0.0,1.0,0.0,1.0,0.0,1.0,0.0,0.0,1.0
0.0,0.0,0.0,0.0,1.0,1.0,0.0,0.0,1.0
1.0,1.0,0.0,0.0,0.0,1.0,0.0,1.0,0.0
0.0,0.0,0.0,0.0,0.0,1.0,0.0,1.0,0.0
0.0,0.0,0.0,0.0,0.0,0.0,0.0,0.0,0.0
1.0,1.0,0.0,0.0,1.0,1.0,0.0,1.0,0.0
0.0,0.0,1.0,1.0,1.0,0.0,0.0,0.0,1.0
1.0,1.0,0.0,1.0,1.0,0.0,0.0,1.0,1.0
0.0,0.0,0.0,0.0,0.0,1.0,1.0,1.0,0.0
0.0,0.0,0.0,0.0,0.0,0.0,0.0,0.0,0.0
0.0,0.0,1.0,0.0,1.0,0.0,0.0,0.0,1.0
1.0,1.0,1.0,0.0,1.0,0.0,0.0,0.0,0.0
0.0,0.0,0.0,0.0,1.0,0.0,1.0,1.0,1.0
1.0,1.0,0.0,0.0,1.0,0.0,0.0,1.0,1.0
0.0,0.0,0.0,0.0,1.0,0.0,0.0,1.0,1.0
0.0,0.0,0.0,1.0,1.0,1.0,0.0,0.0,1.0
0.0,0.0,0.0,0.0,1.0,0.0,0.0,0.0,1.0
0.0,0.0,0.0,0.0,0.0,0.0,0.0,0.0,1.0
0.0,0.0,0.0,0.0,1.0,0.0,1.0,0.0,1.0
1.0,1.0,0.0,0.0,0.0,0.0,0.0,0.0,0.0
0.0,0.0,1.0,0.0,0.0,1.0,0.0,1.0,0.0
0.0,0.0,1.0,0.0,1.0,0.0,0.0,1.0,1.0
1.0,1.0,0.0,0.0,0.0,0.0,0.0,1.0,0.0
0.0,0.0,1.0,0.0,0.0,0.0,0.0,0.0,0.0
1.0,1.0,0.0,1.0,1.0,1.0,1.0,0.0,0.0
0.0,0.0,1.0,0.0,1.0,1.0,0.0,0.0,0.0
0.0,0.0,0.0,0.0,0.0,0.0,0.0,0.0,1.0
0.0,0.0,1.0,0.0,0.0,0.0,0.0,0.0,0.0
0.0,0.0,0.0,0.0,1.0,0.0,1.0,0.0,1.0
0.0,0.0,1.0,1.0,1.0,0.0,0.0,1.0,1.0
0.0,0.0,0.0,1.0,1.0,0.0,0.0,0.0,1.0
0.0,0.0,1.0,1.0,0.0,1.0,1.0,1.0,0.0
0.0,0.0,0.0,0.0,1.0,0.0,0.0,0.0,1.0
1.0,1.0,0.0,0.0,0.0,0.0,0.0,1.0,0.0
0.0,0.0,1.0,0.0,0.0,0.0,0.0,1.0,0.0
0.0,1.0,0.0,1.0,1.0,0.0,1.0,0.0,1.0
0.0,0.0,0.0,0.0,0.0,0.0,0.0,0.0,1.0
0.0,0.0,0.0,1.0,1.0,1.0,1.0,1.0,1.0
0.0,0.0,0.0,1.0,1.0,0.0,0.0,1.0,1.0
0.0,0.0,1.0,0.0,1.0,0.0,0.0,0.0,1.0
0.0,1.0,1.0,1.0,0.0,0.0,0.0,0.0,0.0
1.0,0.0,0.0,0.0,0.0,0.0,0.0,0.0,0.0
0.0,0.0,0.0,0.0,0.0,0.0,0.0,0.0,1.0
0.0,0.0,0.0,1.0,0.0,1.0,1.0,0.0,0.0
1.0,1.0,0.0,0.0,1.0,1.0,0.0,1.0,1.0
0.0,0.0,0.0,0.0,1.0,0.0,1.0,1.0,1.0
0.0,0.0,1.0,0.0,1.0,0.0,0.0,0.0,1.0
0.0,0.0,0.0,1.0,1.0,0.0,0.0,0.0,1.0
0.0,1.0,1.0,0.0,0.0,0.0,0.0,0.0,0.0
0.0,0.0,1.0,0.0,1.0,1.0,1.0,0.0,0.0
0.0,0.0,0.0,0.0,0.0,0.0,0.0,1.0,0.0
0.0,0.0,1.0,1.0,0.0,0.0,0.0,1.0,0.0
0.0,0.0,0.0,0.0,0.0,0.0,0.0,0.0,0.0
0.0,0.0,1.0,0.0,1.0,0.0,1.0,0.0,1.0
0.0,0.0,0.0,1.0,0.0,0.0,1.0,0.0,0.0
0.0,0.0,0.0,1.0,0.0,0.0,0.0,0.0,1.0
0.0,0.0,0.0,1.0,0.0,0.0,0.0,0.0,0.0
1.0,1.0,0.0,1.0,1.0,1.0,1.0,1.0,1.0
0.0,0.0,0.0,1.0,1.0,0.0,0.0,1.0,0.0
0.0,0.0,1.0,1.0,0.0,0.0,0.0,1.0,0.0
0.0,0.0,0.0,1.0,0.0,0.0,0.0,0.0,1.0
0.0,0.0,0.0,0.0,0.0,1.0,1.0,0.0,0.0
0.0,0.0,0.0,0.0,1.0,0.0,1.0,1.0,1.0
0.0,0.0,0.0,1.0,0.0,0.0,0.0,1.0,1.0
0.0,0.0,0.0,0.0,0.0,1.0,0.0,0.0,0.0
1.0,1.0,0.0,0.0,1.0,0.0,0.0,1.0,1.0
0.0,0.0,0.0,0.0,1.0,0.0,0.0,0.0,0.0
1.0,1.0,1.0,0.0,0.0,1.0,1.0,1.0,0.0
0.0,0.0,0.0,0.0,0.0,0.0,0.0,1.0,0.0
0.0,0.0,0.0,1.0,0.0,0.0,1.0,0.0,0.0
1.0,1.0,0.0,0.0,1.0,1.0,1.0,1.0,1.0
0.0,0.0,1.0,0.0,0.0,0.0,1.0,1.0,0.0
0.0,0.0,0.0,0.0,0.0,0.0,0.0,0.0,0.0
0.0,0.0,0.0,1.0,0.0,0.0,0.0,0.0,0.0
0.0,0.0,1.0,0.0,1.0,1.0,1.0,0.0,0.0
1.0,1.0,1.0,0.0,0.0,1.0,0.0,1.0,0.0
0.0,1.0,0.0,1.0,1.0,0.0,0.0,0.0,0.0
0.0,0.0,1.0,0.0,0.0,1.0,1.0,0.0,0.0
1.0,0.0,0.0,0.0,0.0,0.0,1.0,0.0,1.0
0.0,0.0,1.0,0.0,1.0,0.0,1.0,0.0,0.0
0.0,0.0,1.0,0.0,0.0,1.0,1.0,1.0,0.0
0.0,0.0,0.0,1.0,0.0,0.0,0.0,1.0,0.0
0.0,0.0,0.0,1.0,0.0,1.0,1.0,1.0,0.0
0.0,0.0,0.0,0.0,1.0,0.0,1.0,1.0,1.0
0.0,0.0,0.0,0.0,0.0,0.0,0.0,1.0,1.0
0.0,1.0,1.0,1.0,0.0,1.0,1.0,0.0,0.0
0.0,0.0,0.0,0.0,0.0,0.0,1.0,0.0,1.0
0.0,1.0,0.0,0.0,0.0,0.0,1.0,0.0,0.0
0.0,1.0,0.0,0.0,0.0,1.0,0.0,0.0,1.0
0.0,0.0,0.0,0.0,0.0,0.0,1.0,0.0,1.0
0.0,1.0,0.0,0.0,1.0,0.0,1.0,0.0,1.0
1.0,0.0,1.0,0.0,0.0,0.0,1.0,1.0,0.0
0.0,0.0,1.0,0.0,0.0,1.0,0.0,1.0,0.0
1.0,1.0,0.0,1.0,0.0,1.0,0.0,1.0,1.0
0.0,0.0,0.0,0.0,0.0,0.0,1.0,0.0,0.0
0.0,0.0,1.0,1.0,0.0,1.0,1.0,1.0,0.0
1.0,1.0,0.0,0.0,1.0,0.0,1.0,1.0,1.0
0.0,0.0,0.0,0.0,0.0,0.0,1.0,0.0,1.0
0.0,0.0,0.0,1.0,0.0,0.0,1.0,0.0,0.0
0.0,0.0,0.0,1.0,1.0,0.0,0.0,0.0,1.0
0.0,0.0,0.0,0.0,0.0,1.0,1.0,1.0,0.0
0.0,0.0,0.0,1.0,0.0,0.0,1.0,0.0,0.0
0.0,0.0,0.0,1.0,0.0,0.0,1.0,0.0,0.0
0.0,0.0,1.0,0.0,0.0,0.0,0.0,0.0,0.0
0.0,0.0,0.0,1.0,1.0,0.0,0.0,1.0,1.0
1.0,0.0,0.0,0.0,0.0,0.0,0.0,1.0,0.0
0.0,0.0,0.0,1.0,0.0,0.0,1.0,0.0,0.0
0.0,0.0,1.0,0.0,0.0,0.0,0.0,0.0,0.0
0.0,0.0,1.0,1.0,0.0,0.0,0.0,0.0,0.0
0.0,0.0,0.0,1.0,0.0,0.0,0.0,0.0,0.0
0.0,0.0,0.0,0.0,0.0,1.0,0.0,0.0,0.0
1.0,0.0,1.0,0.0,0.0,0.0,0.0,0.0,0.0
0.0,0.0,1.0,0.0,0.0,0.0,0.0,0.0,1.0
1.0,1.0,0.0,1.0,1.0,0.0,0.0,0.0,1.0
0.0,0.0,1.0,0.0,0.0,0.0,0.0,1.0,0.0
0.0,0.0,1.0,0.0,0.0,1.0,0.0,0.0,0.0
0.0,0.0,0.0,0.0,0.0,0.0,0.0,0.0,0.0
0.0,1.0,0.0,0.0,1.0,0.0,1.0,0.0,1.0
0.0,0.0,1.0,0.0,0.0,0.0,0.0,1.0,0.0
0.0,0.0,1.0,0.0,0.0,0.0,1.0,0.0,0.0
1.0,1.0,0.0,0.0,1.0,0.0,0.0,1.0,1.0
0.0,0.0,0.0,0.0,0.0,0.0,1.0,0.0,0.0
0.0,0.0,0.0,0.0,1.0,0.0,1.0,0.0,1.0
0.0,0.0,0.0,0.0,0.0,0.0,0.0,0.0,0.0
0.0,0.0,0.0,0.0,1.0,0.0,1.0,0.0,1.0
0.0,0.0,1.0,1.0,0.0,1.0,1.0,0.0,0.0
0.0,1.0,1.0,0.0,0.0,0.0,0.0,0.0,0.0
0.0,1.0,0.0,1.0,1.0,0.0,0.0,0.0,1.0
0.0,0.0,1.0,1.0,0.0,0.0,0.0,0.0,0.0
0.0,0.0,1.0,0.0,1.0,1.0,1.0,1.0,1.0
0.0,0.0,0.0,0.0,0.0,1.0,1.0,0.0,1.0
1.0,1.0,0.0,1.0,1.0,0.0,0.0,1.0,1.0
1.0,1.0,0.0,0.0,0.0,1.0,0.0,1.0,0.0
0.0,0.0,0.0,1.0,0.0,0.0,1.0,0.0,1.0
0.0,0.0,0.0,1.0,0.0,0.0,0.0,1.0,0.0
0.0,0.0,0.0,0.0,1.0,0.0,0.0,1.0,1.0
1.0,1.0,0.0,1.0,1.0,1.0,0.0,1.0,1.0
1.0,1.0,0.0,1.0,1.0,1.0,0.0,1.0,1.0
0.0,1.0,0.0,1.0,0.0,1.0,1.0,0.0,0.0
1.0,1.0,0.0,0.0,1.0,0.0,0.0,0.0,1.0
0.0,1.0,0.0,1.0,1.0,0.0,0.0,1.0,1.0
0.0,0.0,0.0,0.0,1.0,1.0,1.0,0.0,0.0
1.0,1.0,0.0,0.0,1.0,0.0,1.0,1.0,1.0
1.0,1.0,0.0,0.0,0.0,0.0,0.0,1.0,1.0
0.0,0.0,1.0,1.0,0.0,1.0,0.0,0.0,0.0
0.0,0.0,1.0,1.0,0.0,0.0,1.0,1.0,0.0
0.0,0.0,1.0,1.0,0.0,0.0,1.0,1.0,0.0
0.0,0.0,0.0,0.0,1.0,1.0,0.0,0.0,0.0
1.0,0.0,1.0,0.0,0.0,0.0,0.0,0.0,0.0
0.0,0.0,1.0,0.0,0.0,1.0,0.0,0.0,0.0
0.0,0.0,1.0,0.0,0.0,0.0,0.0,0.0,0.0
0.0,0.0,1.0,0.0,1.0,0.0,0.0,0.0,0.0
0.0,0.0,0.0,0.0,0.0,0.0,1.0,1.0,0.0
0.0,0.0,1.0,1.0,0.0,0.0,0.0,0.0,0.0
0.0,0.0,0.0,0.0,1.0,0.0,0.0,1.0,0.0
1.0,1.0,0.0,1.0,0.0,1.0,0.0,1.0,0.0
0.0,0.0,1.0,1.0,0.0,1.0,1.0,1.0,0.0
0.0,0.0,1.0,0.0,0.0,0.0,0.0,0.0,0.0
0.0,0.0,1.0,0.0,0.0,0.0,1.0,1.0,0.0
0.0,0.0,0.0,0.0,1.0,0.0,0.0,0.0,1.0
1.0,1.0,1.0,0.0,1.0,0.0,1.0,1.0,1.0
0.0,0.0,1.0,0.0,0.0,0.0,1.0,0.0,0.0
0.0,0.0,1.0,0.0,0.0,1.0,0.0,0.0,0.0
0.0,0.0,1.0,0.0,0.0,1.0,0.0,0.0,0.0
1.0,1.0,0.0,1.0,0.0,0.0,1.0,1.0,1.0
0.0,1.0,0.0,0.0,0.0,1.0,1.0,0.0,0.0
1.0,0.0,1.0,0.0,0.0,0.0,0.0,1.0,0.0
0.0,0.0,0.0,0.0,0.0,0.0,1.0,0.0,1.0
0.0,0.0,0.0,1.0,1.0,0.0,0.0,0.0,1.0
0.0,0.0,0.0,0.0,0.0,0.0,0.0,1.0,0.0
0.0,0.0,0.0,0.0,1.0,0.0,1.0,0.0,1.0
0.0,0.0,0.0,0.0,1.0,1.0,1.0,0.0,1.0
0.0,0.0,1.0,0.0,0.0,1.0,0.0,0.0,0.0
0.0,0.0,1.0,1.0,0.0,0.0,0.0,1.0,0.0
0.0,0.0,1.0,1.0,0.0,0.0,1.0,0.0,0.0
0.0,0.0,0.0,0.0,0.0,1.0,0.0,0.0,1.0
0.0,0.0,0.0,1.0,1.0,0.0,0.0,0.0,1.0
0.0,0.0,0.0,1.0,1.0,0.0,0.0,1.0,1.0
1.0,1.0,0.0,1.0,1.0,0.0,0.0,1.0,1.0
0.0,0.0,1.0,1.0,1.0,0.0,1.0,0.0,1.0
1.0,1.0,0.0,1.0,0.0,0.0,0.0,1.0,0.0
0.0,0.0,0.0,1.0,0.0,1.0,0.0,0.0,0.0
0.0,0.0,0.0,0.0,0.0,0.0,1.0,0.0,1.0
0.0,0.0,1.0,1.0,0.0,0.0,0.0,0.0,0.0
1.0,1.0,1.0,1.0,0.0,0.0,0.0,1.0,0.0
0.0,0.0,1.0,0.0,0.0,0.0,1.0,0.0,0.0
0.0,0.0,0.0,0.0,0.0,0.0,0.0,0.0,1.0
0.0,0.0,0.0,0.0,1.0,0.0,0.0,0.0,1.0
0.0,0.0,0.0,0.0,1.0,1.0,0.0,0.0,1.0
0.0,0.0,0.0,0.0,1.0,0.0,1.0,0.0,1.0
0.0,0.0,1.0,0.0,0.0,1.0,1.0,0.0,0.0
0.0,0.0,0.0,0.0,1.0,0.0,0.0,0.0,1.0
1.0,1.0,0.0,0.0,1.0,1.0,0.0,0.0,1.0
1.0,0.0,0.0,0.0,1.0,1.0,1.0,1.0,1.0
0.0,0.0,0.0,0.0,1.0,1.0,1.0,1.0,1.0
0.0,0.0,0.0,0.0,0.0,1.0,0.0,1.0,0.0
1.0,1.0,0.0,1.0,0.0,1.0,0.0,0.0,0.0
0.0,0.0,0.0,1.0,0.0,0.0,1.0,1.0,0.0
1.0,1.0,0.0,1.0,0.0,1.0,0.0,1.0,1.0
0.0,1.0,0.0,0.0,0.0,0.0,0.0,0.0,0.0
0.0,0.0,0.0,1.0,1.0,0.0,1.0,0.0,1.0
0.0,0.0,0.0,1.0,0.0,0.0,0.0,0.0,1.0
1.0,0.0,0.0,0.0,1.0,1.0,0.0,0.0,1.0
1.0,1.0,0.0,1.0,1.0,0.0,1.0,1.0,1.0
0.0,0.0,1.0,1.0,0.0,1.0,1.0,0.0,0.0
0.0,0.0,0.0,0.0,0.0,0.0,1.0,0.0,0.0
0.0,0.0,1.0,0.0,0.0,0.0,0.0,0.0,0.0
0.0,0.0,0.0,0.0,1.0,0.0,0.0,0.0,1.0
0.0,0.0,1.0,1.0,1.0,1.0,1.0,0.0,0.0
0.0,0.0,0.0,0.0,1.0,1.0,1.0,1.0,1.0
0.0,1.0,0.0,0.0,0.0,0.0,1.0,0.0,0.0
0.0,0.0,0.0,0.0,1.0,1.0,0.0,0.0,1.0
0.0,0.0,0.0,0.0,1.0,0.0,0.0,0.0,0.0
0.0,0.0,0.0,1.0,1.0,1.0,1.0,0.0,1.0
1.0,0.0,0.0,1.0,0.0,0.0,0.0,0.0,1.0
0.0,0.0,1.0,1.0,0.0,0.0,0.0,0.0,0.0
0.0,0.0,0.0,0.0,0.0,0.0,0.0,0.0,0.0
0.0,0.0,1.0,1.0,0.0,1.0,0.0,0.0,0.0
1.0,1.0,0.0,0.0,1.0,0.0,0.0,1.0,0.0
0.0,0.0,0.0,1.0,1.0,0.0,0.0,0.0,1.0
0.0,1.0,1.0,0.0,1.0,0.0,0.0,0.0,0.0
1.0,1.0,0.0,0.0,0.0,0.0,0.0,0.0,0.0
0.0,0.0,0.0,0.0,0.0,0.0,0.0,0.0,0.0
0.0,0.0,0.0,0.0,0.0,0.0,0.0,0.0,1.0
1.0,1.0,1.0,0.0,1.0,0.0,1.0,1.0,0.0
1.0,1.0,1.0,0.0,0.0,0.0,0.0,1.0,0.0
0.0,0.0,1.0,1.0,0.0,0.0,1.0,0.0,0.0
1.0,1.0,0.0,0.0,1.0,0.0,0.0,1.0,1.0
0.0,0.0,1.0,1.0,0.0,0.0,0.0,0.0,0.0
0.0,0.0,0.0,1.0,1.0,0.0,0.0,1.0,1.0
0.0,0.0,0.0,0.0,0.0,0.0,0.0,0.0,0.0
1.0,1.0,0.0,1.0,0.0,1.0,1.0,1.0,1.0
0.0,0.0,1.0,0.0,0.0,1.0,0.0,0.0,0.0
0.0,0.0,0.0,1.0,0.0,0.0,1.0,0.0,0.0
0.0,0.0,1.0,0.0,0.0,0.0,1.0,0.0,0.0
1.0,1.0,0.0,0.0,0.0,0.0,0.0,0.0,1.0
0.0,0.0,1.0,0.0,0.0,1.0,1.0,0.0,0.0
0.0,1.0,0.0,1.0,0.0,0.0,0.0,0.0,0.0
0.0,1.0,0.0,0.0,1.0,1.0,0.0,0.0,1.0
0.0,0.0,0.0,0.0,1.0,0.0,0.0,0.0,1.0
1.0,1.0,0.0,0.0,1.0,1.0,1.0,1.0,1.0
0.0,1.0,0.0,1.0,0.0,0.0,0.0,0.0,1.0
1.0,0.0,1.0,1.0,0.0,0.0,1.0,0.0,0.0
0.0,0.0,1.0,1.0,0.0,0.0,0.0,0.0,0.0
0.0,0.0,1.0,0.0,1.0,0.0,0.0,0.0,0.0
0.0,0.0,1.0,0.0,0.0,0.0,0.0,0.0,0.0
1.0,1.0,0.0,1.0,1.0,0.0,0.0,0.0,1.0
0.0,0.0,0.0,1.0,1.0,0.0,1.0,0.0,1.0
0.0,0.0,0.0,0.0,1.0,0.0,0.0,1.0,1.0
0.0,0.0,0.0,0.0,1.0,1.0,1.0,1.0,1.0
1.0,1.0,0.0,0.0,0.0,0.0,0.0,1.0,1.0
1.0,1.0,0.0,1.0,1.0,1.0,1.0,0.0,1.0
1.0,1.0,0.0,0.0,0.0,1.0,0.0,1.0,0.0
0.0,0.0,0.0,0.0,0.0,1.0,1.0,1.0,1.0
0.0,0.0,1.0,1.0,0.0,0.0,1.0,1.0,0.0
0.0,1.0,0.0,0.0,1.0,0.0,0.0,0.0,1.0
1.0,1.0,0.0,1.0,0.0,0.0,1.0,1.0,0.0
0.0,0.0,0.0,1.0,1.0,0.0,0.0,1.0,1.0
1.0,0.0,1.0,0.0,0.0,0.0,0.0,0.0,0.0
1.0,1.0,1.0,0.0,0.0,0.0,0.0,1.0,0.0
1.0,0.0,0.0,0.0,1.0,1.0,1.0,1.0,0.0
0.0,0.0,0.0,0.0,1.0,0.0,0.0,0.0,1.0
1.0,1.0,1.0,1.0,1.0,0.0,1.0,0.0,0.0
0.0,0.0,1.0,0.0,0.0,1.0,1.0,0.0,0.0
0.0,0.0,0.0,1.0,1.0,0.0,0.0,0.0,1.0
1.0,1.0,0.0,0.0,0.0,1.0,0.0,1.0,0.0
0.0,0.0,0.0,0.0,1.0,1.0,0.0,0.0,1.0
0.0,0.0,1.0,0.0,0.0,0.0,0.0,0.0,0.0
0.0,0.0,0.0,0.0,0.0,0.0,0.0,0.0,0.0
1.0,1.0,1.0,0.0,0.0,1.0,1.0,1.0,0.0
1.0,1.0,0.0,1.0,1.0,1.0,1.0,0.0,0.0
0.0,0.0,1.0,1.0,0.0,1.0,1.0,0.0,0.0
1.0,1.0,0.0,0.0,0.0,0.0,0.0,1.0,0.0
0.0,0.0,0.0,0.0,0.0,0.0,1.0,0.0,0.0
1.0,1.0,0.0,1.0,0.0,1.0,0.0,0.0,1.0
0.0,0.0,0.0,0.0,0.0,1.0,1.0,0.0,0.0
1.0,1.0,1.0,0.0,0.0,1.0,0.0,1.0,0.0
0.0,0.0,0.0,0.0,0.0,1.0,0.0,0.0,0.0
0.0,0.0,0.0,0.0,0.0,0.0,0.0,0.0,1.0
1.0,1.0,0.0,0.0,0.0,0.0,0.0,1.0,0.0
0.0,0.0,0.0,0.0,0.0,0.0,0.0,1.0,0.0
1.0,1.0,0.0,0.0,0.0,1.0,1.0,0.0,0.0
0.0,0.0,0.0,0.0,1.0,0.0,0.0,0.0,1.0
1.0,1.0,0.0,0.0,0.0,0.0,0.0,1.0,1.0
0.0,0.0,0.0,0.0,0.0,1.0,0.0,0.0,1.0
0.0,0.0,1.0,0.0,0.0,0.0,0.0,0.0,0.0
0.0,0.0,1.0,0.0,0.0,0.0,1.0,0.0,0.0
0.0,0.0,0.0,0.0,1.0,1.0,0.0,0.0,0.0
0.0,0.0,1.0,0.0,0.0,1.0,1.0,0.0,0.0
0.0,0.0,0.0,0.0,0.0,1.0,0.0,0.0,0.0
0.0,0.0,0.0,0.0,1.0,0.0,0.0,0.0,1.0
0.0,1.0,0.0,1.0,1.0,1.0,1.0,0.0,1.0
0.0,0.0,1.0,0.0,1.0,0.0,1.0,1.0,1.0
1.0,0.0,1.0,0.0,0.0,1.0,1.0,0.0,0.0
0.0,0.0,0.0,1.0,1.0,0.0,1.0,0.0,0.0
0.0,0.0,0.0,1.0,0.0,1.0,1.0,0.0,0.0
0.0,0.0,0.0,1.0,1.0,1.0,0.0,0.0,1.0
0.0,0.0,0.0,0.0,0.0,1.0,1.0,0.0,0.0
1.0,1.0,0.0,1.0,1.0,0.0,0.0,0.0,1.0
0.0,0.0,0.0,0.0,0.0,0.0,0.0,0.0,0.0
0.0,1.0,1.0,0.0,0.0,0.0,0.0,0.0,0.0
1.0,1.0,0.0,1.0,1.0,1.0,0.0,1.0,1.0
0.0,0.0,1.0,1.0,1.0,0.0,1.0,0.0,1.0
0.0,0.0,1.0,0.0,0.0,1.0,1.0,0.0,0.0
0.0,0.0,0.0,1.0,0.0,0.0,0.0,0.0,0.0
0.0,0.0,0.0,0.0,1.0,0.0,0.0,0.0,1.0
0.0,0.0,1.0,1.0,0.0,0.0,0.0,0.0,0.0
0.0,0.0,1.0,0.0,0.0,1.0,1.0,1.0,0.0
0.0,0.0,0.0,1.0,0.0,0.0,1.0,0.0,0.0
0.0,0.0,0.0,0.0,0.0,1.0,1.0,0.0,0.0
0.0,0.0,0.0,1.0,1.0,0.0,0.0,1.0,1.0
0.0,0.0,1.0,1.0,0.0,1.0,1.0,0.0,0.0
0.0,0.0,0.0,0.0,1.0,0.0,0.0,0.0,1.0
0.0,0.0,0.0,1.0,0.0,1.0,1.0,0.0,1.0
0.0,0.0,1.0,0.0,0.0,0.0,0.0,0.0,0.0
0.0,1.0,0.0,0.0,1.0,0.0,0.0,0.0,0.0
0.0,1.0,1.0,0.0,1.0,1.0,1.0,0.0,1.0
1.0,1.0,0.0,0.0,1.0,0.0,1.0,0.0,1.0
0.0,0.0,1.0,0.0,0.0,1.0,1.0,0.0,0.0
1.0,1.0,0.0,1.0,1.0,0.0,0.0,1.0,1.0
1.0,1.0,0.0,0.0,1.0,0.0,0.0,1.0,1.0
0.0,1.0,0.0,0.0,1.0,0.0,0.0,0.0,1.0
0.0,0.0,0.0,1.0,1.0,0.0,0.0,0.0,1.0
0.0,0.0,0.0,0.0,0.0,0.0,1.0,0.0,1.0
0.0,1.0,0.0,1.0,0.0,1.0,0.0,0.0,1.0
0.0,0.0,0.0,1.0,0.0,0.0,1.0,1.0,0.0
0.0,0.0,1.0,0.0,0.0,1.0,0.0,1.0,0.0
0.0,0.0,0.0,0.0,0.0,1.0,0.0,0.0,0.0
1.0,0.0,0.0,0.0,1.0,0.0,1.0,0.0,1.0
1.0,1.0,0.0,1.0,0.0,0.0,0.0,1.0,1.0
1.0,1.0,1.0,0.0,0.0,0.0,1.0,1.0,0.0
0.0,0.0,1.0,0.0,0.0,0.0,1.0,1.0,0.0
0.0,0.0,0.0,0.0,0.0,1.0,1.0,1.0,0.0
1.0,0.0,0.0,0.0,1.0,0.0,0.0,1.0,1.0
0.0,0.0,0.0,0.0,0.0,1.0,0.0,1.0,0.0
0.0,0.0,0.0,0.0,0.0,0.0,1.0,0.0,0.0
0.0,0.0,1.0,0.0,1.0,0.0,0.0,0.0,0.0
0.0,0.0,0.0,0.0,1.0,1.0,0.0,0.0,0.0
0.0,0.0,1.0,1.0,0.0,0.0,0.0,1.0,0.0
0.0,0.0,0.0,0.0,0.0,0.0,1.0,1.0,0.0
0.0,0.0,0.0,0.0,0.0,0.0,1.0,0.0,0.0
0.0,0.0,0.0,1.0,1.0,1.0,0.0,0.0,1.0
0.0,0.0,1.0,1.0,1.0,0.0,1.0,0.0,1.0
0.0,0.0,0.0,0.0,0.0,1.0,1.0,0.0,0.0
0.0,0.0,0.0,1.0,0.0,1.0,0.0,0.0,0.0
0.0,0.0,1.0,1.0,0.0,1.0,1.0,1.0,0.0
0.0,0.0,0.0,0.0,1.0,0.0,0.0,0.0,1.0
0.0,0.0,0.0,0.0,0.0,1.0,1.0,0.0,1.0
0.0,0.0,1.0,0.0,0.0,0.0,1.0,0.0,0.0
0.0,0.0,1.0,1.0,0.0,1.0,1.0,0.0,0.0
1.0,1.0,0.0,0.0,0.0,1.0,1.0,1.0,1.0
0.0,0.0,1.0,1.0,0.0,0.0,0.0,0.0,0.0
0.0,0.0,0.0,0.0,0.0,0.0,0.0,0.0,0.0
0.0,0.0,0.0,1.0,1.0,0.0,0.0,0.0,1.0
0.0,0.0,0.0,0.0,0.0,0.0,0.0,0.0,1.0
0.0,0.0,0.0,0.0,0.0,0.0,0.0,0.0,1.0
0.0,0.0,0.0,0.0,1.0,0.0,0.0,0.0,1.0
0.0,0.0,1.0,0.0,1.0,0.0,0.0,0.0,1.0
1.0,1.0,0.0,1.0,0.0,1.0,1.0,0.0,0.0
1.0,1.0,0.0,1.0,0.0,0.0,0.0,0.0,0.0
1.0,1.0,0.0,0.0,1.0,1.0,1.0,0.0,1.0
0.0,1.0,0.0,0.0,1.0,0.0,0.0,0.0,1.0
1.0,0.0,1.0,0.0,0.0,0.0,0.0,0.0,0.0
0.0,0.0,0.0,0.0,0.0,0.0,0.0,0.0,0.0
0.0,0.0,1.0,0.0,0.0,0.0,0.0,0.0,0.0
0.0,0.0,0.0,1.0,1.0,0.0,0.0,1.0,0.0
0.0,0.0,0.0,0.0,1.0,1.0,0.0,0.0,1.0
0.0,0.0,0.0,1.0,0.0,0.0,0.0,0.0,0.0
1.0,1.0,0.0,0.0,1.0,0.0,0.0,0.0,1.0
0.0,0.0,0.0,0.0,0.0,0.0,1.0,0.0,0.0
0.0,0.0,1.0,0.0,0.0,1.0,0.0,0.0,0.0
0.0,0.0,0.0,1.0,0.0,1.0,1.0,1.0,0.0
0.0,0.0,0.0,0.0,1.0,0.0,1.0,0.0,1.0
1.0,1.0,0.0,0.0,0.0,0.0,0.0,1.0,0.0
1.0,1.0,1.0,1.0,0.0,1.0,1.0,1.0,0.0
0.0,0.0,1.0,0.0,1.0,1.0,1.0,0.0,1.0
0.0,0.0,0.0,0.0,0.0,0.0,0.0,0.0,0.0
0.0,0.0,0.0,1.0,1.0,0.0,0.0,0.0,1.0
0.0,0.0,0.0,1.0,0.0,1.0,0.0,1.0,1.0
1.0,0.0,0.0,1.0,1.0,0.0,0.0,1.0,1.0
0.0,0.0,0.0,0.0,0.0,0.0,1.0,1.0,1.0
0.0,0.0,0.0,0.0,0.0,1.0,0.0,0.0,0.0
0.0,0.0,0.0,0.0,1.0,0.0,0.0,0.0,1.0
1.0,1.0,1.0,0.0,1.0,0.0,0.0,1.0,1.0
1.0,1.0,0.0,0.0,0.0,0.0,1.0,0.0,0.0
0.0,0.0,1.0,0.0,0.0,0.0,0.0,1.0,0.0
0.0,0.0,1.0,0.0,1.0,0.0,0.0,0.0,1.0
0.0,0.0,1.0,0.0,0.0,0.0,0.0,0.0,0.0
0.0,0.0,1.0,1.0,0.0,0.0,1.0,0.0,0.0
0.0,0.0,0.0,0.0,0.0,0.0,0.0,0.0,0.0
0.0,0.0,0.0,0.0,0.0,0.0,0.0,0.0,0.0
0.0,0.0,0.0,1.0,0.0,1.0,1.0,0.0,0.0
0.0,0.0,0.0,0.0,0.0,1.0,0.0,0.0,0.0
0.0,0.0,0.0,1.0,0.0,1.0,1.0,0.0,0.0
0.0,0.0,1.0,1.0,0.0,1.0,0.0,0.0,0.0
1.0,1.0,0.0,0.0,0.0,1.0,1.0,1.0,0.0
0.0,0.0,0.0,1.0,1.0,0.0,1.0,1.0,0.0
1.0,1.0,0.0,1.0,0.0,1.0,1.0,1.0,0.0
0.0,0.0,0.0,0.0,1.0,0.0,0.0,1.0,0.0
0.0,0.0,1.0,0.0,1.0,0.0,0.0,0.0,1.0
1.0,1.0,0.0,1.0,0.0,0.0,0.0,0.0,0.0
0.0,0.0,0.0,0.0,1.0,0.0,0.0,1.0,1.0
0.0,0.0,0.0,0.0,0.0,1.0,0.0,0.0,1.0
0.0,0.0,0.0,0.0,0.0,0.0,0.0,0.0,0.0
0.0,0.0,0.0,0.0,0.0,0.0,1.0,0.0,0.0
0.0,0.0,0.0,0.0,0.0,0.0,0.0,0.0,0.0
0.0,0.0,0.0,1.0,0.0,0.0,1.0,0.0,1.0
0.0,0.0,0.0,1.0,1.0,0.0,0.0,0.0,1.0
0.0,0.0,0.0,1.0,0.0,1.0,0.0,0.0,0.0
0.0,0.0,0.0,0.0,0.0,1.0,1.0,0.0,0.0
0.0,0.0,0.0,1.0,0.0,1.0,1.0,0.0,0.0
0.0,0.0,1.0,0.0,0.0,1.0,0.0,0.0,0.0
1.0,1.0,0.0,0.0,0.0,1.0,1.0,1.0,0.0
0.0,0.0,0.0,0.0,0.0,1.0,0.0,1.0,0.0
0.0,0.0,0.0,0.0,1.0,1.0,1.0,0.0,1.0
1.0,0.0,0.0,0.0,0.0,1.0,0.0,1.0,0.0
1.0,1.0,0.0,0.0,1.0,0.0,1.0,1.0,0.0
0.0,0.0,1.0,1.0,0.0,0.0,0.0,0.0,0.0
1.0,1.0,1.0,0.0,0.0,0.0,0.0,1.0,0.0
1.0,1.0,0.0,0.0,0.0,0.0,0.0,1.0,0.0
0.0,0.0,1.0,0.0,1.0,0.0,1.0,0.0,0.0
0.0,0.0,0.0,0.0,0.0,1.0,0.0,0.0,1.0
0.0,0.0,0.0,0.0,0.0,0.0,1.0,1.0,1.0
0.0,0.0,0.0,0.0,0.0,1.0,1.0,0.0,1.0
0.0,1.0,0.0,1.0,0.0,1.0,0.0,0.0,1.0
0.0,0.0,0.0,1.0,0.0,1.0,1.0,1.0,0.0
1.0,1.0,1.0,0.0,1.0,1.0,0.0,1.0,1.0
0.0,0.0,1.0,0.0,0.0,1.0,0.0,0.0,0.0
0.0,1.0,1.0,0.0,0.0,0.0,0.0,0.0,0.0
0.0,0.0,0.0,1.0,1.0,0.0,0.0,1.0,1.0
0.0,0.0,0.0,0.0,1.0,1.0,0.0,1.0,1.0
0.0,0.0,1.0,1.0,0.0,0.0,1.0,0.0,0.0
0.0,0.0,0.0,0.0,1.0,1.0,0.0,1.0,1.0
1.0,1.0,1.0,1.0,0.0,1.0,1.0,0.0,0.0
1.0,1.0,0.0,0.0,1.0,1.0,1.0,1.0,1.0
0.0,0.0,1.0,0.0,1.0,1.0,1.0,0.0,0.0
0.0,0.0,0.0,0.0,1.0,1.0,1.0,0.0,1.0
0.0,0.0,0.0,1.0,0.0,0.0,0.0,1.0,1.0
0.0,0.0,1.0,1.0,0.0,1.0,1.0,0.0,0.0
1.0,0.0,1.0,1.0,0.0,0.0,0.0,0.0,0.0
1.0,1.0,0.0,1.0,0.0,0.0,0.0,1.0,1.0
0.0,0.0,0.0,0.0,1.0,0.0,0.0,0.0,1.0
0.0,0.0,0.0,0.0,0.0,0.0,1.0,0.0,0.0
0.0,0.0,1.0,0.0,0.0,0.0,0.0,0.0,0.0
0.0,0.0,1.0,0.0,1.0,0.0,0.0,0.0,1.0
1.0,1.0,1.0,0.0,1.0,0.0,1.0,1.0,1.0
0.0,1.0,0.0,1.0,0.0,1.0,1.0,0.0,0.0
0.0,0.0,0.0,0.0,1.0,1.0,1.0,0.0,1.0
0.0,0.0,0.0,1.0,1.0,0.0,0.0,0.0,1.0
0.0,0.0,1.0,0.0,0.0,0.0,0.0,1.0,0.0
0.0,0.0,0.0,1.0,0.0,0.0,0.0,0.0,0.0
1.0,1.0,0.0,1.0,0.0,0.0,1.0,1.0,1.0
1.0,1.0,0.0,1.0,0.0,1.0,0.0,1.0,0.0
0.0,0.0,0.0,0.0,0.0,0.0,1.0,0.0,0.0
0.0,0.0,0.0,0.0,0.0,1.0,0.0,0.0,1.0
0.0,0.0,1.0,1.0,1.0,0.0,0.0,0.0,1.0
1.0,1.0,1.0,0.0,1.0,0.0,1.0,1.0,1.0
0.0,0.0,0.0,1.0,0.0,1.0,1.0,0.0,1.0
1.0,1.0,1.0,0.0,0.0,0.0,0.0,1.0,0.0
0.0,0.0,1.0,0.0,0.0,1.0,0.0,0.0,0.0
0.0,0.0,0.0,1.0,1.0,0.0,1.0,0.0,1.0
1.0,1.0,0.0,0.0,0.0,0.0,1.0,1.0,0.0
0.0,0.0,0.0,0.0,0.0,1.0,0.0,1.0,1.0
0.0,0.0,0.0,1.0,0.0,1.0,1.0,0.0,0.0
1.0,1.0,0.0,1.0,0.0,1.0,1.0,1.0,0.0
0.0,0.0,0.0,0.0,0.0,0.0,1.0,0.0,1.0
0.0,0.0,0.0,1.0,1.0,1.0,1.0,0.0,0.0
0.0,0.0,0.0,0.0,1.0,1.0,1.0,0.0,0.0
0.0,0.0,0.0,1.0,0.0,0.0,0.0,0.0,0.0
0.0,0.0,0.0,0.0,1.0,1.0,1.0,1.0,1.0
0.0,1.0,0.0,0.0,0.0,0.0,0.0,0.0,0.0
0.0,0.0,0.0,0.0,1.0,0.0,0.0,0.0,0.0
0.0,0.0,0.0,0.0,0.0,1.0,1.0,0.0,0.0
0.0,0.0,0.0,0.0,1.0,0.0,0.0,0.0,1.0
1.0,0.0,0.0,0.0,0.0,1.0,0.0,1.0,1.0
0.0,0.0,0.0,0.0,1.0,1.0,0.0,0.0,1.0
0.0,0.0,0.0,1.0,0.0,0.0,0.0,1.0,0.0
0.0,0.0,0.0,1.0,1.0,0.0,0.0,0.0,1.0
0.0,0.0,0.0,0.0,0.0,0.0,0.0,0.0,1.0
0.0,0.0,0.0,0.0,0.0,0.0,1.0,1.0,0.0
0.0,0.0,1.0,1.0,0.0,0.0,1.0,0.0,0.0
0.0,0.0,0.0,0.0,0.0,0.0,0.0,0.0,0.0
0.0,0.0,0.0,0.0,1.0,0.0,0.0,0.0,1.0
0.0,0.0,0.0,1.0,0.0,0.0,0.0,0.0,0.0
0.0,0.0,1.0,1.0,0.0,0.0,0.0,0.0,0.0
0.0,0.0,0.0,1.0,1.0,0.0,0.0,0.0,1.0
0.0,1.0,0.0,1.0,0.0,0.0,1.0,0.0,0.0
0.0,1.0,0.0,0.0,1.0,1.0,1.0,0.0,1.0
0.0,0.0,0.0,1.0,1.0,0.0,0.0,0.0,1.0
0.0,0.0,0.0,1.0,0.0,0.0,0.0,0.0,0.0
1.0,1.0,0.0,0.0,1.0,0.0,0.0,1.0,1.0
0.0,1.0,0.0,0.0,1.0,0.0,1.0,0.0,1.0
1.0,1.0,0.0,0.0,1.0,1.0,1.0,0.0,1.0
0.0,0.0,1.0,1.0,0.0,0.0,0.0,1.0,0.0
0.0,0.0,0.0,0.0,1.0,0.0,0.0,1.0,1.0
0.0,0.0,1.0,0.0,0.0,1.0,0.0,0.0,0.0
0.0,0.0,0.0,0.0,0.0,1.0,0.0,0.0,0.0
0.0,0.0,0.0,0.0,1.0,0.0,0.0,0.0,1.0
0.0,0.0,0.0,0.0,0.0,1.0,0.0,0.0,1.0
0.0,0.0,0.0,0.0,0.0,1.0,0.0,0.0,0.0
1.0,0.0,0.0,0.0,0.0,0.0,0.0,1.0,0.0
0.0,0.0,0.0,0.0,1.0,1.0,1.0,0.0,1.0
1.0,1.0,0.0,0.0,0.0,1.0,1.0,0.0,1.0
0.0,0.0,1.0,0.0,1.0,0.0,1.0,0.0,1.0
1.0,1.0,1.0,0.0,0.0,1.0,0.0,1.0,0.0
1.0,0.0,0.0,0.0,1.0,0.0,0.0,1.0,1.0
0.0,0.0,0.0,1.0,0.0,0.0,0.0,1.0,0.0
0.0,0.0,0.0,0.0,0.0,1.0,0.0,1.0,0.0
0.0,0.0,0.0,0.0,1.0,0.0,1.0,0.0,1.0
0.0,0.0,0.0,0.0,1.0,0.0,0.0,0.0,1.0
0.0,0.0,0.0,0.0,1.0,0.0,1.0,1.0,1.0
1.0,1.0,1.0,0.0,0.0,0.0,1.0,0.0,0.0
0.0,0.0,0.0,1.0,0.0,0.0,0.0,0.0,1.0
1.0,1.0,0.0,0.0,0.0,0.0,0.0,1.0,0.0
0.0,0.0,0.0,0.0,1.0,1.0,1.0,0.0,1.0
0.0,0.0,0.0,0.0,1.0,0.0,0.0,0.0,1.0
1.0,0.0,0.0,0.0,0.0,0.0,0.0,1.0,0.0
0.0,0.0,0.0,0.0,0.0,1.0,1.0,0.0,1.0
0.0,0.0,0.0,0.0,1.0,0.0,0.0,1.0,1.0
0.0,0.0,0.0,1.0,1.0,0.0,0.0,1.0,0.0
0.0,0.0,0.0,0.0,1.0,0.0,1.0,0.0,1.0
1.0,1.0,1.0,0.0,0.0,1.0,1.0,1.0,0.0
0.0,0.0,0.0,0.0,1.0,1.0,0.0,0.0,1.0
1.0,0.0,0.0,1.0,0.0,1.0,0.0,0.0,0.0
1.0,1.0,0.0,0.0,1.0,0.0,0.0,1.0,1.0
0.0,0.0,0.0,1.0,1.0,1.0,1.0,1.0,1.0
0.0,0.0,0.0,0.0,0.0,0.0,1.0,0.0,0.0
0.0,0.0,1.0,0.0,1.0,0.0,0.0,0.0,1.0
0.0,0.0,1.0,0.0,1.0,0.0,0.0,0.0,1.0
0.0,0.0,0.0,0.0,1.0,1.0,0.0,0.0,0.0
0.0,0.0,1.0,0.0,0.0,0.0,0.0,1.0,0.0
0.0,0.0,0.0,1.0,1.0,0.0,0.0,0.0,0.0
0.0,1.0,0.0,0.0,0.0,0.0,1.0,0.0,0.0
0.0,0.0,1.0,0.0,0.0,1.0,1.0,0.0,0.0
0.0,0.0,0.0,1.0,1.0,0.0,0.0,0.0,1.0
0.0,0.0,1.0,0.0,0.0,0.0,0.0,0.0,0.0
0.0,0.0,1.0,0.0,0.0,1.0,1.0,0.0,0.0
0.0,0.0,0.0,0.0,0.0,1.0,0.0,0.0,0.0
0.0,0.0,0.0,0.0,1.0,0.0,0.0,0.0,1.0
1.0,0.0,1.0,0.0,0.0,1.0,1.0,1.0,0.0
0.0,0.0,0.0,0.0,0.0,0.0,1.0,0.0,0.0
0.0,1.0,1.0,1.0,0.0,0.0,0.0,0.0,0.0
0.0,0.0,1.0,1.0,0.0,1.0,1.0,0.0,0.0
0.0,0.0,0.0,0.0,0.0,1.0,0.0,0.0,0.0
1.0,1.0,0.0,0.0,0.0,0.0,1.0,0.0,1.0
0.0,1.0,0.0,1.0,0.0,0.0,0.0,0.0,0.0
0.0,0.0,0.0,0.0,0.0,0.0,0.0,0.0,1.0
0.0,1.0,0.0,0.0,0.0,0.0,0.0,0.0,0.0
1.0,1.0,0.0,0.0,0.0,0.0,1.0,1.0,0.0
0.0,0.0,1.0,0.0,0.0,0.0,1.0,0.0,0.0
0.0,0.0,0.0,0.0,0.0,1.0,0.0,0.0,1.0
0.0,0.0,1.0,1.0,1.0,1.0,1.0,1.0,1.0
1.0,1.0,1.0,1.0,0.0,1.0,0.0,0.0,0.0
1.0,1.0,1.0,0.0,1.0,0.0,0.0,1.0,1.0
0.0,1.0,1.0,0.0,0.0,1.0,0.0,0.0,0.0
0.0,0.0,1.0,1.0,0.0,0.0,0.0,0.0,0.0
0.0,0.0,1.0,0.0,0.0,0.0,0.0,0.0,0.0
0.0,0.0,0.0,0.0,0.0,1.0,1.0,0.0,1.0
0.0,0.0,0.0,1.0,1.0,0.0,0.0,0.0,1.0
0.0,0.0,0.0,0.0,1.0,0.0,0.0,0.0,1.0
0.0,0.0,0.0,0.0,1.0,0.0,1.0,1.0,1.0
0.0,0.0,0.0,1.0,0.0,0.0,0.0,0.0,0.0
0.0,0.0,1.0,0.0,0.0,0.0,0.0,0.0,0.0
0.0,0.0,1.0,0.0,0.0,0.0,0.0,0.0,0.0
1.0,1.0,1.0,1.0,0.0,0.0,0.0,0.0,0.0
1.0,0.0,0.0,0.0,1.0,0.0,1.0,0.0,1.0
0.0,0.0,0.0,0.0,0.0,0.0,0.0,0.0,0.0
1.0,1.0,0.0,1.0,0.0,1.0,0.0,1.0,0.0
0.0,0.0,0.0,0.0,1.0,1.0,1.0,0.0,1.0
1.0,1.0,0.0,1.0,0.0,1.0,1.0,0.0,0.0
0.0,0.0,0.0,0.0,0.0,1.0,1.0,1.0,1.0
0.0,0.0,0.0,1.0,0.0,1.0,1.0,1.0,0.0
0.0,0.0,1.0,0.0,0.0,0.0,0.0,0.0,0.0
0.0,0.0,0.0,1.0,0.0,1.0,0.0,0.0,0.0
1.0,1.0,1.0,0.0,0.0,1.0,1.0,1.0,0.0
1.0,0.0,1.0,0.0,0.0,0.0,0.0,0.0,0.0
1.0,1.0,0.0,1.0,0.0,0.0,0.0,0.0,0.0
0.0,0.0,1.0,0.0,0.0,1.0,0.0,0.0,0.0
0.0,0.0,0.0,0.0,1.0,1.0,0.0,0.0,1.0
0.0,0.0,0.0,0.0,1.0,0.0,0.0,1.0,1.0
0.0,0.0,0.0,0.0,0.0,0.0,0.0,1.0,0.0
0.0,0.0,0.0,1.0,0.0,0.0,0.0,0.0,0.0
0.0,0.0,1.0,1.0,0.0,0.0,0.0,0.0,0.0
0.0,0.0,0.0,0.0,0.0,0.0,0.0,0.0,0.0
0.0,0.0,1.0,0.0,0.0,0.0,0.0,0.0,0.0
1.0,0.0,1.0,0.0,0.0,1.0,0.0,1.0,0.0
0.0,0.0,0.0,0.0,0.0,0.0,0.0,0.0,0.0
1.0,1.0,1.0,1.0,0.0,1.0,0.0,0.0,0.0
1.0,0.0,0.0,0.0,1.0,0.0,0.0,1.0,1.0
1.0,0.0,1.0,1.0,0.0,0.0,1.0,1.0,0.0
1.0,1.0,0.0,0.0,1.0,0.0,1.0,0.0,1.0
1.0,1.0,0.0,1.0,1.0,1.0,1.0,0.0,1.0
0.0,0.0,0.0,0.0,0.0,0.0,0.0,1.0,0.0
0.0,0.0,0.0,0.0,1.0,0.0,0.0,0.0,1.0
0.0,0.0,0.0,0.0,0.0,0.0,0.0,0.0,0.0
0.0,0.0,1.0,1.0,0.0,0.0,0.0,1.0,0.0
0.0,0.0,0.0,0.0,0.0,0.0,1.0,0.0,0.0
1.0,1.0,0.0,0.0,0.0,1.0,0.0,1.0,1.0
0.0,0.0,0.0,0.0,0.0,0.0,0.0,1.0,1.0
0.0,0.0,0.0,0.0,1.0,1.0,0.0,0.0,1.0
1.0,1.0,1.0,1.0,0.0,1.0,1.0,1.0,0.0
0.0,0.0,0.0,1.0,0.0,0.0,0.0,0.0,1.0
0.0,0.0,0.0,0.0,1.0,0.0,0.0,0.0,0.0
0.0,0.0,0.0,0.0,1.0,1.0,1.0,0.0,1.0
0.0,0.0,0.0,0.0,0.0,1.0,0.0,0.0,1.0
1.0,1.0,1.0,0.0,0.0,1.0,1.0,1.0,0.0
0.0,0.0,0.0,0.0,0.0,1.0,0.0,0.0,0.0
0.0,0.0,1.0,0.0,0.0,0.0,0.0,0.0,0.0
0.0,0.0,1.0,1.0,0.0,0.0,0.0,0.0,0.0
0.0,0.0,0.0,0.0,0.0,0.0,0.0,0.0,0.0
0.0,0.0,0.0,0.0,0.0,1.0,0.0,0.0,0.0
0.0,0.0,0.0,0.0,0.0,0.0,0.0,0.0,0.0
1.0,0.0,0.0,0.0,1.0,1.0,0.0,0.0,1.0
0.0,0.0,0.0,1.0,1.0,0.0,0.0,0.0,1.0
0.0,0.0,0.0,0.0,1.0,1.0,1.0,0.0,1.0
0.0,0.0,0.0,0.0,0.0,0.0,0.0,0.0,1.0
1.0,1.0,1.0,1.0,0.0,0.0,0.0,1.0,0.0
0.0,0.0,1.0,0.0,0.0,0.0,1.0,0.0,0.0
0.0,0.0,1.0,1.0,1.0,0.0,0.0,0.0,0.0
0.0,1.0,1.0,0.0,0.0,0.0,0.0,0.0,0.0
0.0,0.0,0.0,1.0,1.0,0.0,0.0,0.0,1.0
0.0,0.0,1.0,1.0,0.0,0.0,0.0,0.0,0.0
0.0,0.0,0.0,1.0,1.0,1.0,0.0,0.0,1.0
0.0,0.0,0.0,0.0,0.0,0.0,0.0,0.0,0.0
1.0,1.0,0.0,0.0,0.0,0.0,0.0,1.0,0.0
0.0,0.0,0.0,0.0,1.0,1.0,1.0,0.0,1.0
0.0,0.0,0.0,0.0,1.0,1.0,0.0,0.0,1.0
0.0,1.0,0.0,0.0,1.0,0.0,0.0,0.0,1.0
0.0,0.0,1.0,1.0,0.0,0.0,1.0,0.0,0.0
0.0,0.0,1.0,1.0,0.0,1.0,1.0,0.0,0.0
1.0,1.0,0.0,0.0,0.0,0.0,0.0,1.0,0.0
1.0,0.0,1.0,0.0,0.0,1.0,1.0,1.0,0.0
0.0,0.0,0.0,1.0,1.0,1.0,1.0,0.0,1.0
0.0,0.0,0.0,0.0,1.0,0.0,1.0,0.0,1.0
0.0,0.0,1.0,0.0,0.0,1.0,1.0,0.0,0.0
0.0,0.0,0.0,0.0,1.0,1.0,0.0,0.0,1.0
0.0,0.0,1.0,0.0,0.0,1.0,0.0,0.0,0.0
0.0,0.0,0.0,0.0,1.0,0.0,0.0,0.0,1.0
0.0,0.0,0.0,0.0,0.0,1.0,1.0,0.0,1.0
0.0,0.0,0.0,0.0,1.0,1.0,1.0,0.0,1.0
0.0,0.0,0.0,0.0,1.0,1.0,1.0,0.0,0.0
0.0,0.0,0.0,0.0,1.0,0.0,0.0,0.0,1.0
0.0,0.0,1.0,1.0,0.0,0.0,0.0,0.0,0.0
0.0,0.0,1.0,0.0,1.0,1.0,1.0,0.0,0.0
0.0,0.0,0.0,0.0,1.0,0.0,1.0,0.0,1.0
0.0,0.0,0.0,0.0,1.0,0.0,0.0,0.0,1.0
1.0,1.0,0.0,1.0,0.0,0.0,0.0,0.0,1.0
0.0,1.0,1.0,0.0,0.0,0.0,1.0,0.0,0.0
0.0,0.0,1.0,1.0,0.0,0.0,0.0,1.0,0.0
0.0,0.0,0.0,0.0,1.0,1.0,0.0,0.0,1.0
1.0,1.0,0.0,0.0,0.0,0.0,1.0,1.0,0.0
1.0,1.0,0.0,1.0,1.0,0.0,1.0,1.0,1.0
0.0,0.0,1.0,0.0,0.0,0.0,0.0,0.0,0.0
0.0,1.0,1.0,0.0,1.0,0.0,0.0,0.0,1.0
1.0,1.0,0.0,1.0,0.0,0.0,1.0,1.0,1.0
0.0,0.0,1.0,0.0,0.0,0.0,0.0,1.0,0.0
0.0,0.0,0.0,0.0,1.0,1.0,0.0,0.0,1.0
1.0,0.0,1.0,0.0,1.0,0.0,0.0,0.0,0.0
0.0,1.0,0.0,0.0,1.0,0.0,0.0,0.0,1.0
0.0,0.0,1.0,0.0,1.0,1.0,0.0,0.0,1.0
0.0,0.0,1.0,0.0,1.0,0.0,0.0,0.0,0.0
0.0,0.0,0.0,0.0,0.0,1.0,0.0,1.0,0.0
0.0,0.0,0.0,1.0,1.0,1.0,1.0,0.0,1.0
1.0,1.0,1.0,0.0,1.0,0.0,0.0,1.0,1.0
0.0,0.0,1.0,0.0,1.0,1.0,0.0,0.0,0.0
0.0,0.0,0.0,1.0,0.0,0.0,0.0,0.0,1.0
0.0,0.0,1.0,0.0,0.0,0.0,0.0,0.0,0.0
0.0,0.0,0.0,0.0,0.0,1.0,0.0,1.0,0.0
0.0,0.0,0.0,1.0,1.0,1.0,0.0,0.0,1.0
0.0,0.0,0.0,1.0,1.0,0.0,0.0,0.0,0.0
0.0,0.0,0.0,0.0,0.0,0.0,0.0,0.0,0.0
0.0,0.0,0.0,0.0,0.0,1.0,1.0,0.0,0.0
0.0,0.0,1.0,1.0,0.0,0.0,0.0,0.0,0.0
1.0,0.0,0.0,0.0,1.0,0.0,0.0,1.0,1.0
1.0,1.0,0.0,0.0,1.0,0.0,1.0,1.0,1.0
0.0,0.0,0.0,0.0,1.0,0.0,0.0,0.0,0.0
0.0,0.0,0.0,0.0,1.0,1.0,1.0,0.0,0.0
0.0,0.0,0.0,0.0,1.0,0.0,0.0,1.0,1.0
0.0,0.0,0.0,1.0,0.0,0.0,1.0,0.0,0.0
0.0,0.0,0.0,0.0,1.0,0.0,0.0,1.0,1.0
0.0,0.0,0.0,0.0,0.0,0.0,0.0,0.0,0.0
0.0,1.0,0.0,1.0,1.0,1.0,0.0,0.0,1.0
0.0,0.0,0.0,0.0,0.0,1.0,1.0,0.0,1.0
0.0,0.0,0.0,0.0,1.0,1.0,1.0,0.0,1.0
1.0,1.0,1.0,1.0,0.0,0.0,0.0,1.0,0.0
1.0,1.0,0.0,1.0,1.0,0.0,0.0,0.0,1.0
1.0,1.0,0.0,0.0,1.0,1.0,1.0,1.0,1.0
0.0,0.0,0.0,0.0,1.0,1.0,1.0,0.0,1.0
0.0,0.0,0.0,0.0,0.0,1.0,1.0,0.0,0.0
0.0,0.0,0.0,0.0,0.0,0.0,1.0,1.0,0.0
0.0,0.0,1.0,0.0,1.0,0.0,0.0,1.0,1.0
0.0,0.0,0.0,0.0,1.0,0.0,1.0,0.0,1.0
0.0,0.0,0.0,1.0,1.0,1.0,1.0,0.0,1.0
0.0,0.0,0.0,1.0,1.0,0.0,1.0,0.0,1.0
0.0,0.0,0.0,0.0,0.0,0.0,1.0,0.0,0.0
0.0,0.0,0.0,1.0,0.0,0.0,0.0,0.0,0.0
0.0,0.0,1.0,0.0,1.0,1.0,1.0,0.0,0.0
0.0,0.0,0.0,0.0,0.0,0.0,0.0,0.0,0.0
0.0,0.0,0.0,0.0,0.0,0.0,1.0,0.0,0.0
1.0,1.0,0.0,0.0,0.0,0.0,0.0,1.0,1.0
1.0,0.0,0.0,1.0,0.0,0.0,1.0,1.0,0.0
0.0,1.0,0.0,1.0,0.0,1.0,0.0,0.0,0.0
0.0,0.0,1.0,1.0,0.0,1.0,1.0,1.0,0.0
0.0,0.0,1.0,0.0,1.0,0.0,0.0,0.0,0.0
1.0,1.0,1.0,1.0,0.0,0.0,0.0,1.0,0.0
0.0,0.0,0.0,0.0,0.0,1.0,0.0,0.0,1.0
0.0,0.0,0.0,0.0,0.0,0.0,0.0,0.0,0.0
0.0,0.0,1.0,0.0,1.0,0.0,1.0,1.0,1.0
0.0,1.0,0.0,0.0,0.0,0.0,0.0,0.0,0.0
0.0,0.0,0.0,0.0,1.0,1.0,0.0,0.0,1.0
0.0,0.0,0.0,1.0,0.0,0.0,0.0,1.0,0.0
0.0,0.0,1.0,0.0,0.0,0.0,0.0,0.0,0.0
0.0,1.0,1.0,0.0,0.0,0.0,0.0,0.0,0.0
0.0,0.0,0.0,0.0,1.0,0.0,0.0,0.0,1.0
1.0,1.0,0.0,0.0,0.0,1.0,0.0,1.0,0.0
0.0,0.0,0.0,0.0,1.0,0.0,1.0,1.0,1.0
0.0,0.0,0.0,0.0,1.0,1.0,1.0,0.0,1.0
0.0,0.0,0.0,0.0,1.0,1.0,1.0,0.0,1.0
0.0,0.0,0.0,0.0,1.0,0.0,0.0,0.0,1.0
0.0,0.0,0.0,0.0,1.0,0.0,0.0,1.0,0.0
0.0,0.0,0.0,0.0,1.0,0.0,0.0,0.0,1.0
0.0,0.0,0.0,0.0,1.0,0.0,0.0,1.0,1.0
0.0,0.0,1.0,0.0,1.0,0.0,0.0,0.0,0.0
0.0,0.0,0.0,0.0,0.0,0.0,1.0,0.0,0.0
1.0,1.0,0.0,1.0,1.0,1.0,0.0,0.0,1.0
0.0,0.0,0.0,1.0,0.0,1.0,0.0,0.0,1.0
1.0,1.0,0.0,1.0,1.0,1.0,1.0,0.0,0.0
0.0,1.0,0.0,0.0,1.0,0.0,0.0,0.0,1.0
0.0,0.0,0.0,1.0,1.0,0.0,1.0,0.0,1.0
0.0,0.0,1.0,1.0,0.0,0.0,0.0,0.0,0.0
1.0,1.0,0.0,0.0,0.0,1.0,1.0,1.0,0.0
1.0,1.0,0.0,0.0,1.0,0.0,0.0,1.0,0.0
0.0,0.0,0.0,0.0,1.0,0.0,0.0,0.0,1.0
1.0,1.0,1.0,1.0,0.0,1.0,0.0,1.0,0.0
0.0,0.0,1.0,0.0,1.0,0.0,0.0,1.0,1.0
0.0,0.0,0.0,1.0,1.0,0.0,0.0,0.0,1.0
0.0,0.0,0.0,0.0,0.0,0.0,0.0,0.0,0.0
1.0,1.0,0.0,1.0,1.0,1.0,1.0,0.0,1.0
0.0,0.0,0.0,0.0,1.0,0.0,0.0,0.0,1.0
0.0,0.0,1.0,1.0,1.0,1.0,0.0,1.0,0.0
0.0,0.0,0.0,1.0,0.0,1.0,0.0,0.0,0.0
1.0,1.0,0.0,0.0,1.0,1.0,0.0,0.0,1.0
1.0,1.0,0.0,0.0,1.0,0.0,0.0,1.0,0.0
0.0,0.0,0.0,0.0,0.0,0.0,0.0,0.0,1.0
0.0,0.0,0.0,1.0,0.0,1.0,0.0,0.0,0.0
0.0,0.0,0.0,0.0,1.0,0.0,0.0,0.0,1.0
0.0,0.0,0.0,0.0,0.0,0.0,0.0,0.0,1.0
0.0,0.0,1.0,0.0,1.0,0.0,1.0,0.0,1.0
0.0,0.0,0.0,0.0,0.0,0.0,0.0,0.0,0.0
0.0,0.0,0.0,0.0,0.0,0.0,0.0,0.0,1.0
0.0,0.0,0.0,0.0,0.0,1.0,1.0,0.0,0.0
1.0,1.0,0.0,0.0,1.0,0.0,1.0,1.0,1.0
0.0,0.0,1.0,1.0,0.0,1.0,1.0,1.0,0.0
1.0,1.0,0.0,0.0,0.0,0.0,0.0,1.0,0.0
0.0,0.0,0.0,0.0,0.0,0.0,1.0,0.0,0.0
0.0,0.0,0.0,0.0,0.0,1.0,1.0,0.0,1.0
0.0,0.0,1.0,0.0,0.0,0.0,0.0,0.0,0.0
0.0,0.0,0.0,0.0,0.0,1.0,1.0,0.0,0.0
0.0,0.0,1.0,0.0,0.0,0.0,0.0,0.0,0.0
0.0,0.0,0.0,0.0,0.0,0.0,0.0,0.0,0.0
0.0,1.0,1.0,0.0,0.0,1.0,1.0,0.0,0.0
1.0,1.0,0.0,0.0,0.0,0.0,0.0,1.0,0.0
0.0,1.0,0.0,0.0,0.0,0.0,0.0,0.0,0.0
0.0,0.0,0.0,1.0,1.0,0.0,0.0,0.0,1.0
0.0,0.0,0.0,1.0,1.0,1.0,0.0,0.0,1.0
0.0,0.0,1.0,0.0,1.0,0.0,0.0,0.0,0.0
0.0,0.0,0.0,0.0,1.0,1.0,1.0,1.0,1.0
0.0,0.0,0.0,1.0,1.0,0.0,0.0,0.0,1.0
0.0,0.0,0.0,0.0,0.0,0.0,0.0,0.0,0.0
1.0,1.0,0.0,0.0,1.0,0.0,0.0,1.0,1.0
0.0,0.0,0.0,0.0,0.0,0.0,0.0,0.0,0.0
0.0,0.0,0.0,0.0,0.0,0.0,0.0,0.0,0.0
0.0,0.0,1.0,0.0,0.0,0.0,0.0,0.0,0.0
0.0,0.0,0.0,1.0,1.0,1.0,1.0,1.0,1.0
0.0,0.0,0.0,0.0,1.0,0.0,0.0,0.0,1.0
0.0,0.0,0.0,0.0,0.0,0.0,1.0,1.0,0.0
0.0,0.0,1.0,0.0,0.0,1.0,0.0,0.0,0.0
0.0,0.0,1.0,1.0,0.0,1.0,1.0,0.0,0.0
1.0,0.0,0.0,0.0,1.0,0.0,0.0,1.0,1.0
0.0,0.0,1.0,0.0,0.0,0.0,0.0,0.0,0.0
1.0,1.0,0.0,1.0,1.0,1.0,1.0,1.0,1.0
0.0,0.0,0.0,0.0,1.0,1.0,0.0,0.0,1.0
0.0,0.0,0.0,0.0,0.0,1.0,1.0,0.0,0.0
0.0,0.0,1.0,0.0,0.0,0.0,1.0,0.0,0.0
0.0,0.0,0.0,0.0,0.0,0.0,0.0,0.0,0.0
0.0,0.0,0.0,0.0,0.0,0.0,0.0,0.0,1.0
0.0,0.0,0.0,0.0,1.0,0.0,0.0,0.0,1.0
1.0,0.0,0.0,1.0,0.0,1.0,0.0,0.0,0.0
0.0,0.0,1.0,1.0,0.0,0.0,0.0,0.0,0.0
1.0,1.0,0.0,1.0,1.0,1.0,1.0,1.0,1.0
0.0,0.0,1.0,0.0,0.0,0.0,1.0,0.0,0.0
1.0,1.0,0.0,0.0,1.0,1.0,0.0,1.0,1.0
0.0,0.0,0.0,1.0,0.0,0.0,1.0,0.0,1.0
1.0,1.0,0.0,1.0,0.0,0.0,0.0,0.0,0.0
0.0,0.0,0.0,1.0,1.0,0.0,0.0,0.0,1.0
0.0,0.0,0.0,0.0,1.0,1.0,1.0,0.0,1.0
0.0,0.0,0.0,1.0,1.0,0.0,0.0,0.0,1.0
0.0,1.0,1.0,0.0,0.0,0.0,0.0,0.0,0.0
1.0,1.0,1.0,1.0,1.0,1.0,1.0,0.0,1.0
1.0,1.0,0.0,0.0,1.0,0.0,1.0,0.0,1.0
1.0,0.0,0.0,0.0,0.0,0.0,0.0,1.0,0.0
0.0,1.0,1.0,1.0,1.0,0.0,0.0,0.0,1.0
0.0,0.0,1.0,1.0,0.0,0.0,0.0,0.0,0.0
0.0,0.0,0.0,0.0,1.0,0.0,1.0,0.0,1.0
0.0,0.0,0.0,0.0,0.0,0.0,0.0,0.0,0.0
0.0,0.0,1.0,0.0,1.0,0.0,1.0,0.0,0.0
0.0,0.0,0.0,0.0,1.0,0.0,0.0,0.0,1.0
0.0,0.0,0.0,1.0,0.0,0.0,1.0,0.0,0.0
0.0,0.0,1.0,0.0,1.0,1.0,0.0,0.0,0.0
0.0,0.0,0.0,0.0,1.0,0.0,0.0,1.0,1.0
1.0,1.0,0.0,0.0,1.0,1.0,1.0,0.0,1.0
0.0,0.0,0.0,0.0,1.0,0.0,0.0,0.0,1.0
0.0,0.0,1.0,1.0,0.0,0.0,0.0,0.0,0.0
0.0,0.0,1.0,0.0,1.0,1.0,1.0,0.0,1.0
0.0,1.0,1.0,0.0,0.0,0.0,0.0,0.0,0.0
0.0,1.0,1.0,1.0,0.0,1.0,1.0,0.0,0.0
0.0,0.0,0.0,0.0,1.0,0.0,0.0,1.0,1.0
1.0,1.0,0.0,0.0,0.0,0.0,0.0,1.0,0.0
0.0,0.0,0.0,1.0,0.0,0.0,1.0,0.0,1.0
0.0,0.0,0.0,0.0,0.0,0.0,0.0,0.0,0.0
0.0,0.0,0.0,0.0,0.0,1.0,0.0,0.0,0.0
0.0,0.0,0.0,0.0,0.0,0.0,0.0,1.0,0.0
0.0,0.0,1.0,0.0,1.0,0.0,0.0,1.0,1.0
0.0,0.0,0.0,0.0,0.0,0.0,0.0,1.0,0.0
0.0,0.0,1.0,0.0,0.0,1.0,0.0,1.0,0.0
0.0,0.0,0.0,0.0,0.0,1.0,0.0,0.0,1.0
0.0,0.0,1.0,0.0,0.0,0.0,1.0,0.0,1.0
1.0,1.0,0.0,0.0,0.0,0.0,1.0,1.0,0.0
0.0,0.0,0.0,1.0,1.0,0.0,0.0,1.0,1.0
1.0,1.0,0.0,0.0,1.0,0.0,0.0,1.0,1.0
1.0,1.0,1.0,0.0,0.0,1.0,1.0,0.0,0.0
0.0,0.0,0.0,0.0,0.0,0.0,0.0,0.0,1.0
0.0,0.0,1.0,0.0,1.0,0.0,1.0,0.0,0.0
0.0,0.0,0.0,1.0,0.0,0.0,1.0,0.0,0.0
0.0,0.0,0.0,0.0,1.0,0.0,1.0,0.0,1.0
0.0,0.0,0.0,0.0,1.0,1.0,0.0,0.0,1.0
